Comment,Description,Designator,Footprint,LibRef,Quantity,Value,Digikey Part Num
,,,,,,,
Cap,Capacitor,"C1, C8, C10, C11, C15, C16, C17",C0805,Cap,7,0.1uF,311-1140-2-ND
Cap,Capacitor,"C2, C3",C0805,Cap,2,20pF,399-9229-2-ND
Cap,Capacitor,C4,C0805,Cap,1,0.33uF,399-11172-2-ND
Cap,Capacitor,"C5, C7, C18, C19",C0805,Cap,4,1uF,399-8004-2-ND
Cap Pol1,Polarized Capacitor (Radial),"C6, C12, C13, C14, C20",CAP-D5,Cap Pol1,5,10uF,399-18269-1-ND
Cap,Capacitor,C9,C0805,Cap,1,10nF,399-1159-2-ND
Cap,Capacitor,C21,C0805,Cap,1,10uF,490-5523-2-ND
1N4148,Default Diode,D1,DIODE-AXIAL-7.62,Diode,1,,-
16-Pin LCD Display With Backlight,,LCD1,HEADER-16X1,LCD-16,1,,NHD-0216BZ-RN-YBW-ND
Header 6,"Header, 6-Pin",P1,HDR1X6,Header 6,1,,-
Header 2,"Header, 2-Pin","P2, P3",HDR1X2,Header 2,2,,-
Res1,Resistor,"R1, R10, R11",R0805,Res1,3,10K,311-10.0KCRTR-ND
Res1,Resistor,"R2, R3, R5, R8",R0805,Res1,4,1K,311-1.0KARTR-ND
RPot,Potentiometer,"R4, R9",TRIMMER-2.54MM,RPot,2,20K,490-2881-ND
Res1,Resistor,R6,R0805,Res1,1,100,P100DATR-ND
Res1,Resistor,R7,R0805,Res1,1,100K,311-100KCRTR-ND
RPot,Potentiometer,R12,TRIMMER-2.54MM,RPot,1,10K,CT94EY103-ND
7805,,U1,TO-263_N,7805,1,,MC7805CD2TGOS-ND
ATmega168-20PU,"8-bit AVR Microcontroller, 2.7-5.5V, 20MHz, 16KB Flash, 512 Bytes EEPROM, 1KB SRAM, 28-pin PDIP, Industrial Grade (-40�C to 85�C)",U2,28P3,CMP-0095-00363-1,1,,ATMEGA168-20PU-ND
AD9837,Direct Digital Synthesis IC 10 b 5MHz 28 b Tuning 10-LFCSP-WD (3x3),U3,LFCSP-10,AD9837,1,,AD9837ACPZ-RL7TR-ND
"LMC7660, TL072P","[NoValue], Low-Noise JFET-Input Operational Amplifier","U4, U5",DIP-8,"LMC7660, TL072P",2,,-
MCP3004,4 Channel ADC SPI,U6,DIP-14,MCP3004,1,,MCP3004-I/P-ND
16MHz,Crystal Oscillator,Y1,HC-49-THT,XTAL,1,,X1103-ND
LFSPXO051652,,Y2,LFSPXO051652,OSC-4,1,,1923-1768-2-ND
Barrel Jack,,,,,1,,CP-065A-ND
Wall Adapter,,,,,1,,364-1254-ND
